CHARTREUX,05:56,06:13,06:29,06:42,06:54,07:04,07:16,07:28,07:42,07:56,08:08,08:18,08:30,08:41,08:53,09:06,09:19,09:29,09:44,09:55,10:08,10:19,10:33,10:44,10:55,11:09,11:24,11:38,11:48,11:56,12:03,12:16,12:28,12:39,12:50,13:04,13:15,13:28,13:39,13:52,14:04,14:17,14:29,14:41,14:53,15:06,15:18,15:29,15:40,15:52,16:06,16:19,16:32,16:46,16:54,17:03,17:17,17:33,17:47,17:56,18:05,18:19,18:36,18:47,18:58,19:10,19:22,19:35,19:48,20:03,20:18,20:33,20:50,21:06,
CHAMPAGNE,05:56,06:13,06:29,06:42,06:54,07:04,07:16,07:29,07:43,07:57,08:08,08:18,08:30,08:42,08:54,09:06,09:19,09:29,09:44,09:55,10:08,10:19,10:33,10:44,10:55,11:09,11:24,11:38,11:49,11:57,12:04,12:17,12:29,12:40,12:51,13:05,13:16,13:29,13:40,13:53,14:05,14:18,14:30,14:42,14:54,15:07,15:19,15:30,15:41,15:53,16:07,16:20,16:33,16:47,16:55,17:04,17:18,17:34,17:48,17:57,18:06,18:20,18:37,18:47,18:58,19:10,19:22,19:35,19:48,20:03,20:18,20:33,20:50,21:06,
QUEBEC,05:57,06:14,06:30,06:43,06:55,07:05,07:17,07:29,07:43,07:57,08:09,08:19,08:31,08:42,08:54,09:07,09:20,09:30,09:45,09:56,10:09,10:20,10:34,10:45,10:56,11:10,11:25,11:39,11:49,11:57,12:04,12:17,12:29,12:40,12:51,13:05,13:16,13:29,13:40,13:53,14:05,14:18,14:30,14:42,14:54,15:07,15:19,15:30,15:41,15:53,16:07,16:20,16:33,16:47,16:56,17:05,17:18,17:34,17:48,17:57,18:06,18:20,18:37,18:48,18:59,19:11,19:23,19:36,19:49,20:04,20:19,20:34,20:51,21:07,
IUT,05:57,06:14,06:30,06:44,06:56,07:06,07:18,07:30,07:44,07:58,08:10,08:20,08:32,08:43,08:55,09:08,09:21,09:31,09:46,09:57,10:10,10:21,10:35,10:46,10:57,11:11,11:26,11:40,11:50,11:58,12:05,12:18,12:30,12:41,12:52,13:06,13:17,13:30,13:41,13:54,14:06,14:19,14:31,14:43,14:55,15:08,15:20,15:31,15:42,15:54,16:08,16:21,16:34,16:48,16:57,17:06,17:19,17:35,17:49,17:58,18:07,18:21,18:38,18:49,19:00,19:12,19:24,19:37,19:50,20:05,20:19,20:34,20:51,21:07,
CROUS,05:58,06:15,06:31,06:44,06:56,07:06,07:18,07:31,07:45,07:59,08:10,08:20,08:32,08:44,08:56,09:08,09:21,09:31,09:46,09:57,10:10,10:21,10:35,10:46,10:57,11:11,11:26,11:40,11:51,11:59,12:06,12:19,12:31,12:42,12:53,13:07,13:18,13:31,13:42,13:55,14:07,14:20,14:32,14:44,14:56,15:09,15:21,15:32,15:43,15:55,16:09,16:22,16:35,16:49,16:58,17:07,17:20,17:36,17:50,17:59,18:08,18:22,18:39,18:49,19:00,19:12,19:24,19:37,19:50,20:05,20:20,20:35,20:52,21:08,
TECHNOPOLE,05:59,06:16,06:32,06:46,06:58,07:08,07:20,07:33,07:47,08:01,08:12,08:22,08:34,08:46,08:58,09:10,09:23,09:33,09:48,09:59,10:12,10:23,10:37,10:48,10:59,11:13,11:28,11:42,11:53,12:01,12:08,12:21,12:33,12:44,12:55,13:09,13:20,13:33,13:44,13:57,14:09,14:22,14:34,14:46,14:58,15:11,15:23,15:34,15:45,15:57,16:11,16:24,16:37,16:51,17:00,17:09,17:22,17:38,17:52,18:01,18:10,18:24,18:41,18:51,19:02,19:14,19:26,19:39,19:52,20:07,20:21,20:36,20:53,21:09,
MASSON,06:00,06:17,06:33,06:47,06:59,07:09,07:21,07:34,07:48,08:02,08:13,08:23,08:35,08:47,08:59,09:11,09:24,09:34,09:49,10:00,10:13,10:24,10:38,10:49,11:00,11:14,11:29,11:43,11:54,12:02,12:09,12:22,12:34,12:45,12:56,13:10,13:21,13:34,13:45,13:58,14:10,14:23,14:35,14:47,14:59,15:12,15:24,15:35,15:47,15:59,16:13,16:26,16:39,16:53,17:02,17:11,17:24,17:40,17:53,18:02,18:11,18:25,18:42,18:52,19:03,19:15,19:27,19:40,19:53,20:08,20:22,20:37,20:54,21:10,
LYCEE TECHNIQUE,06:01,06:18,06:34,06:48,07:00,07:10,07:23,07:36,07:50,08:04,08:15,08:25,08:37,08:49,09:01,09:13,09:26,09:36,09:51,10:02,10:15,10:26,10:40,10:51,11:02,11:16,11:31,11:45,11:56,12:04,12:11,12:24,12:36,12:47,12:58,13:12,13:23,13:36,13:47,14:00,14:12,14:25,14:37,14:49,15:01,15:14,15:26,15:37,15:48,16:00,16:14,16:27,16:40,16:54,17:03,17:12,17:25,17:41,17:55,18:04,18:13,18:27,18:44,18:54,19:05,19:17,19:28,19:41,19:54,20:09,20:23,20:38,20:55,21:11,
MARNE,06:01,06:18,06:34,06:48,07:00,07:10,07:23,07:36,07:50,08:04,08:15,08:25,08:37,08:49,09:01,09:13,09:26,09:36,09:51,10:02,10:15,10:26,10:40,10:51,11:02,11:16,11:31,11:45,11:56,12:04,12:11,12:24,12:36,12:47,12:58,13:12,13:23,13:36,13:47,14:00,14:12,14:25,14:37,14:49,15:01,15:14,15:26,15:37,15:49,16:01,16:15,16:28,16:41,16:55,17:04,17:13,17:26,17:42,17:55,18:04,18:13,18:27,18:44,18:54,19:05,19:17,19:28,19:41,19:54,20:09,20:23,20:38,20:55,21:11,
LOMBARDS,06:03,06:20,06:36,06:50,07:02,07:12,07:25,07:38,07:52,08:06,08:17,08:27,08:39,08:51,09:03,09:15,09:28,09:38,09:53,10:04,10:17,10:28,10:42,10:53,11:04,11:18,11:33,11:47,11:58,12:06,12:13,12:26,12:38,12:49,13:00,13:14,13:25,13:38,13:49,14:02,14:14,14:27,14:39,14:51,15:03,15:16,15:28,15:39,15:51,16:03,16:17,16:30,16:43,16:57,17:06,17:15,17:28,17:44,17:57,18:06,18:15,18:29,18:46,18:56,19:07,19:19,19:30,19:43,19:56,20:11,20:25,20:40,20:57,21:13,
HAUTS CLOS,06:04,06:21,06:37,06:51,07:03,07:13,07:26,07:39,07:53,08:07,08:18,08:28,08:40,08:52,09:04,09:16,09:29,09:39,09:54,10:05,10:18,10:29,10:43,10:54,11:05,11:19,11:34,11:48,11:59,12:07,12:14,12:27,12:39,12:50,13:01,13:15,13:26,13:39,13:50,14:03,14:15,14:28,14:40,14:52,15:04,15:17,15:29,15:40,15:52,16:04,16:18,16:32,16:45,16:59,17:08,17:17,17:29,17:45,17:58,18:07,18:16,18:30,18:47,18:57,19:08,19:20,19:31,19:44,19:57,20:12,20:26,20:41,20:58,21:14,
HERRIOT,06:04,06:21,06:38,06:52,07:04,07:14,07:27,07:40,07:54,08:08,08:19,08:29,08:41,08:53,09:05,09:17,09:31,09:41,09:56,10:07,10:20,10:31,10:45,10:56,11:07,11:21,11:36,11:50,12:01,12:09,12:16,12:29,12:41,12:52,13:03,13:17,13:28,13:41,13:52,14:05,14:17,14:30,14:42,14:54,15:06,15:19,15:31,15:42,15:54,16:06,16:20,16:33,16:46,17:00,17:09,17:18,17:31,17:47,18:00,18:09,18:18,18:32,18:48,18:58,19:09,19:21,19:32,19:45,19:58,20:13,20:26,20:41,20:58,21:14,
VERDUN,06:05,06:22,06:39,06:53,07:05,07:16,07:29,07:42,07:56,08:10,08:21,08:31,08:43,08:55,09:07,09:19,09:32,09:42,09:57,10:08,10:21,10:32,10:46,10:57,11:08,11:22,11:37,11:51,12:02,12:10,12:17,12:30,12:42,12:53,13:04,13:18,13:29,13:42,13:53,14:06,14:18,14:31,14:43,14:55,15:07,15:20,15:32,15:43,15:56,16:08,16:22,16:35,16:48,17:02,17:11,17:20,17:33,17:48,18:01,18:10,18:19,18:33,18:50,19:00,19:11,19:23,19:33,19:46,19:59,20:14,20:27,20:42,20:59,21:15,
GILLON,06:06,06:23,06:40,06:54,07:06,07:17,07:30,07:43,07:57,08:11,08:22,08:32,08:44,08:56,09:08,09:20,09:34,09:44,09:59,10:10,10:23,10:34,10:48,10:59,11:10,11:24,11:39,11:53,12:04,12:12,12:19,12:32,12:44,12:55,13:06,13:20,13:31,13:44,13:55,14:08,14:20,14:33,14:45,14:57,15:09,15:22,15:34,15:45,15:57,16:09,16:23,16:37,16:50,17:04,17:13,17:22,17:34,17:50,18:03,18:12,18:21,18:35,18:51,19:01,19:12,19:24,19:34,19:47,20:00,20:15,20:28,20:43,21:00,21:16,
MADAGASCAR,06:07,06:24,06:40,06:55,07:07,07:18,07:31,07:44,07:58,08:12,08:23,08:33,08:45,08:57,09:09,09:21,09:34,09:44,09:59,10:10,10:23,10:35,10:49,11:00,11:11,11:25,11:40,11:54,12:05,12:13,12:20,12:32,12:44,12:55,13:06,13:21,13:32,13:45,13:56,14:09,14:21,14:34,14:46,14:58,15:10,15:23,15:35,15:46,15:58,16:10,16:24,16:38,16:51,17:05,17:14,17:23,17:35,17:51,18:04,18:13,18:21,18:35,18:52,19:02,19:13,19:25,19:35,19:48,20:01,20:16,20:29,20:44,21:01,21:17,
TERRASSES,06:08,06:25,06:42,06:56,07:09,07:20,07:33,07:46,08:00,08:14,08:25,08:35,08:47,08:59,09:11,09:23,09:37,09:47,10:02,10:13,10:26,10:37,10:51,11:02,11:13,11:27,11:42,11:56,12:07,12:15,12:22,12:35,12:47,12:58,13:09,13:23,13:34,13:47,13:58,14:11,14:23,14:36,14:48,15:00,15:12,15:25,15:37,15:48,16:01,16:13,16:27,16:40,16:54,17:08,17:16,17:25,17:38,17:53,18:06,18:15,18:24,18:38,18:54,19:04,19:15,19:27,19:36,19:49,20:02,20:17,20:30,20:45,21:02,21:18,
BEURNONVILLE,06:09,06:26,06:43,06:58,07:10,07:21,07:35,07:48,08:01,08:15,08:26,08:36,08:48,09:00,09:13,09:25,09:38,09:48,10:03,10:14,10:27,10:39,10:53,11:04,11:15,11:29,11:44,11:58,12:09,12:17,12:24,12:36,12:48,12:59,13:10,13:25,13:36,13:49,14:00,14:13,14:25,14:38,14:50,15:02,15:14,15:27,15:39,15:50,16:03,16:15,16:29,16:42,16:56,17:10,17:18,17:27,17:40,17:55,18:08,18:17,18:25,18:39,18:56,19:05,19:16,19:28,19:38,19:51,20:04,20:19,20:31,20:46,21:03,21:19,
POINCARE,06:10,06:27,06:44,06:59,07:12,07:22,07:36,07:49,08:02,08:16,08:27,08:37,08:49,09:01,09:14,09:26,09:40,09:50,10:05,10:16,10:29,10:41,10:55,11:06,11:17,11:31,11:46,12:00,12:11,12:19,12:26,12:38,12:50,13:01,13:12,13:27,13:38,13:51,14:02,14:15,14:27,14:40,14:52,15:04,15:16,15:29,15:41,15:52,16:04,16:16,16:30,16:44,16:58,17:12,17:20,17:29,17:41,17:57,18:10,18:19,18:27,18:41,18:57,19:06,19:17,19:29,19:39,19:52,20:05,20:20,20:32,20:47,21:04,21:20,
TANNERIES,06:11,06:28,06:45,07:00,07:13,07:23,07:37,07:50,08:03,08:17,08:28,08:38,08:50,09:02,09:15,09:27,09:41,09:51,10:06,10:17,10:30,10:42,10:56,11:07,11:18,11:32,11:47,12:01,12:12,12:20,12:27,12:39,12:51,13:02,13:13,13:28,13:39,13:52,14:03,14:16,14:28,14:41,14:53,15:05,15:17,15:30,15:42,15:53,16:06,16:18,16:32,16:46,16:59,17:13,17:22,17:31,17:43,17:58,18:11,18:20,18:28,18:42,18:58,19:07,19:18,19:30,19:40,19:53,20:06,20:21,20:33,20:48,21:05,21:21,
LANGEVIN,06:11,06:28,06:45,07:00,07:13,07:24,07:38,07:51,08:04,08:18,08:29,08:39,08:51,09:03,09:16,09:28,09:42,09:52,10:07,10:18,10:31,10:43,10:57,11:08,11:19,11:33,11:48,12:02,12:13,12:21,12:28,12:40,12:52,13:03,13:14,13:29,13:40,13:53,14:04,14:17,14:29,14:42,14:54,15:06,15:18,15:31,15:43,15:54,16:06,16:18,16:32,16:46,17:00,17:14,17:22,17:31,17:43,17:59,18:12,18:21,18:29,18:43,18:59,19:08,19:19,19:31,19:40,19:53,20:06,20:21,20:33,20:48,21:05,21:21,
HALLE,05:38,06:13,05:57,06:30,06:24,06:47,07:02,07:15,07:26,07:40,07:53,08:06,08:20,08:31,08:41,08:53,09:05,09:18,09:30,09:44,09:54,10:09,10:20,10:33,10:45,10:59,11:10,11:21,11:35,11:50,12:04,12:15,12:23,12:30,12:42,12:54,13:05,13:16,13:31,13:42,13:55,14:06,14:19,14:31,14:44,14:56,15:08,15:20,15:33,15:45,15:56,16:09,16:21,16:35,16:49,17:03,17:17,17:25,17:34,17:46,18:01,18:14,18:23,18:31,18:45,19:01,19:10,19:21,19:33,19:42,19:55,20:08,20:23,20:35,20:50,21:07,21:23,
PALAIS DE JUSTICE,05:39,06:14,05:58,06:31,06:25,06:48,07:03,07:16,07:27,07:41,07:54,08:07,08:21,08:32,08:42,08:54,09:06,09:19,09:31,09:45,09:55,10:10,10:21,10:34,10:46,11:00,11:11,11:22,11:36,11:51,12:05,12:16,12:24,12:31,12:43,12:55,13:06,13:17,13:32,13:43,13:56,14:07,14:20,14:32,14:45,14:57,15:09,15:21,15:34,15:46,15:57,16:10,16:22,16:37,16:51,17:04,17:18,17:26,17:35,17:47,18:02,18:15,18:24,18:32,18:46,19:02,19:22,19:34,19:56,20:09,20:24,20:36,
GARE JARDINS,05:40,06:15,05:59,06:32,06:26,06:49,07:04,07:17,07:29,07:43,07:56,08:09,08:23,08:34,08:44,08:56,09:08,09:21,09:33,09:47,09:57,10:12,10:23,10:36,10:48,11:02,11:13,11:24,11:38,11:53,12:07,12:18,12:26,12:33,12:45,12:57,13:08,13:19,13:34,13:45,13:58,14:09,14:22,14:34,14:47,14:59,15:11,15:23,15:36,15:48,15:59,16:12,16:24,16:39,16:53,17:06,17:20,17:28,17:37,17:49,18:04,18:17,18:26,18:34,18:48,19:04,19:24,19:36,19:58,20:11,20:26,20:38,
CAF,05:41,06:16,06:00,06:33,06:27,06:50,07:05,07:18,07:30,07:44,07:57,08:10,08:24,08:35,08:45,08:57,09:09,09:22,09:34,09:48,09:58,10:13,10:24,10:37,10:49,11:03,11:14,11:25,11:39,11:54,12:08,12:19,12:27,12:34,12:46,12:58,13:09,13:20,13:35,13:46,13:59,14:10,14:23,14:35,14:48,15:00,15:12,15:24,15:37,15:50,16:01,16:14,16:26,16:41,16:55,17:08,17:22,17:30,17:39,17:51,18:06,18:18,18:27,18:35,18:49,19:05,19:25,19:37,19:59,20:12,20:27,20:39,
DELAUNAY,05:41,06:16,06:00,06:33,06:27,06:50,07:05,07:19,07:31,07:45,07:58,08:11,08:25,08:36,08:46,08:58,09:10,09:23,09:35,09:49,09:59,10:14,10:25,10:38,10:50,11:04,11:15,11:26,11:40,11:55,12:09,12:20,12:28,12:35,12:47,12:59,13:10,13:21,13:36,13:47,14:00,14:11,14:24,14:36,14:49,15:01,15:13,15:25,15:38,15:51,16:02,16:15,16:27,16:42,16:56,17:09,17:23,17:31,17:40,17:52,18:07,18:19,18:28,18:36,18:50,19:06,19:26,19:38,20:00,20:13,20:28,20:40,
ST MARTIN,05:42,06:17,06:01,06:34,06:28,06:51,07:06,07:20,07:32,07:46,07:59,08:12,08:26,08:37,08:47,08:59,09:11,09:24,09:36,09:50,10:00,10:15,10:26,10:39,10:51,11:05,11:16,11:27,11:41,11:56,12:10,12:21,12:29,12:36,12:48,13:00,13:11,13:22,13:37,13:48,14:01,14:12,14:25,14:37,14:50,15:02,15:14,15:26,15:39,15:52,16:03,16:16,16:28,16:43,16:57,17:10,17:24,17:32,17:41,17:53,18:08,18:20,18:29,18:37,18:51,19:07,19:27,19:39,20:01,20:14,20:29,20:41,
GUERARDE,05:42,06:17,06:01,06:34,06:28,06:52,07:07,07:21,07:33,07:47,07:59,08:12,08:27,08:38,08:48,09:00,09:12,09:25,09:37,09:51,10:01,10:16,10:27,10:40,10:52,11:06,11:17,11:28,11:42,11:57,12:11,12:22,12:30,12:37,12:49,13:01,13:12,13:23,13:38,13:49,14:02,14:13,14:26,14:38,14:51,15:03,15:15,15:27,15:40,15:53,16:04,16:17,16:29,16:44,16:58,17:11,17:25,17:33,17:42,17:54,18:09,18:21,18:30,18:38,18:52,19:08,19:28,19:39,20:01,20:14,20:29,20:41,
LACOSTE,05:43,06:18,06:02,06:35,06:29,06:52,07:07,07:21,07:33,07:47,08:00,08:13,08:28,08:39,08:49,09:00,09:12,09:26,09:38,09:51,10:01,10:17,10:28,10:41,10:53,11:07,11:18,11:29,11:43,11:58,12:12,12:23,12:31,12:38,12:49,13:01,13:12,13:23,13:39,13:50,14:03,14:14,14:27,14:39,14:52,15:04,15:16,15:28,15:41,15:53,16:04,16:17,16:29,16:44,16:58,17:11,17:25,17:33,17:42,17:54,18:09,18:22,18:31,18:39,18:53,19:09,19:29,19:40,20:02,20:15,20:30,20:42,
BLANQUI CLINIQUE,05:44,06:19,06:03,06:36,06:30,06:53,07:08,07:23,07:35,07:49,08:01,08:14,08:29,08:40,08:50,09:02,09:14,09:27,09:39,09:53,10:03,10:18,10:29,10:42,10:54,11:08,11:19,11:30,11:44,11:59,12:13,12:24,12:32,12:39,12:51,13:03,13:14,13:25,13:40,13:51,14:04,14:15,14:28,14:40,14:53,15:05,15:17,15:29,15:42,15:55,16:06,16:19,16:31,16:46,17:00,17:13,17:27,17:35,17:44,17:56,18:11,18:23,18:32,18:40,18:54,19:10,19:30,19:41,20:03,20:16,20:31,20:43,
DE VLAMINCK,05:44,06:19,06:03,06:36,06:30,06:54,07:09,07:23,07:35,07:49,08:02,08:15,08:30,08:41,08:51,09:02,09:14,09:28,09:40,09:53,10:03,10:19,10:30,10:43,10:55,11:09,11:20,11:31,11:45,12:00,12:14,12:25,12:33,12:40,12:51,13:03,13:14,13:25,13:41,13:52,14:05,14:16,14:29,14:41,14:54,15:06,15:18,15:30,15:43,15:56,16:07,16:20,16:32,16:47,17:01,17:14,17:28,17:36,17:45,17:57,18:12,18:24,18:33,18:41,18:55,19:11,19:31,19:42,20:04,20:17,20:32,20:44,
MAROTS,05:46,06:21,06:05,06:38,06:32,06:56,07:11,07:26,07:38,07:52,08:04,08:17,08:33,08:44,08:54,09:05,09:17,09:31,09:43,09:56,10:06,10:22,10:33,10:46,10:58,11:12,11:23,11:34,11:48,12:03,12:17,12:28,12:36,12:43,12:54,13:06,13:17,13:28,13:44,13:55,14:08,14:19,14:32,14:44,14:57,15:09,15:21,15:33,15:46,15:59,16:10,16:23,16:35,16:50,17:04,17:17,17:31,17:39,17:48,18:00,18:15,18:27,18:36,18:44,18:58,19:14,19:34,19:44,20:06,20:19,20:34,20:46,
CLOS D ORVILLIERS,05:46,06:21,06:05,06:38,06:32,06:56,07:11,07:26,07:38,07:52,08:04,08:17,08:33,08:44,08:54,09:05,09:17,09:31,09:43,09:56,10:06,10:22,10:33,10:46,10:58,11:12,11:23,11:34,11:48,12:03,12:17,12:28,12:36,12:43,12:54,13:06,13:17,13:28,13:44,13:55,14:08,14:19,14:32,14:44,14:57,15:09,15:21,15:33,15:46,15:59,16:10,16:23,16:35,16:50,17:04,17:17,17:31,17:39,17:48,18:00,18:15,18:27,18:36,18:44,18:58,19:14,19:34,19:44,20:06,20:19,20:34,20:46,
PALISSY,05:47,06:22,06:06,06:39,06:33,06:57,07:12,07:28,07:40,07:54,08:06,08:19,08:35,08:46,08:56,09:07,09:19,09:33,09:45,09:58,10:08,10:24,10:35,10:48,11:00,11:14,11:25,11:36,11:50,12:05,12:19,12:30,12:38,12:45,12:56,13:08,13:19,13:30,13:46,13:57,14:10,14:21,14:34,14:46,14:59,15:11,15:23,15:35,15:48,16:01,16:12,16:25,16:37,16:52,17:06,17:19,17:33,17:41,17:50,18:02,18:17,18:29,18:38,18:46,19:00,19:16,19:36,19:46,20:08,20:21,20:36,20:48,
MASSENET,05:48,06:23,06:07,06:40,06:34,06:58,07:13,07:28,07:41,07:55,08:06,08:19,08:36,08:47,08:57,09:08,09:20,09:34,09:46,09:59,10:09,10:25,10:36,10:49,11:01,11:15,11:26,11:37,11:51,12:06,12:20,12:31,12:39,12:46,12:57,13:09,13:20,13:31,13:47,13:58,14:11,14:22,14:35,14:47,15:00,15:12,15:24,15:36,15:49,16:02,16:13,16:26,16:38,16:53,17:07,17:20,17:34,17:42,17:51,18:03,18:18,18:30,18:39,18:47,19:01,19:17,19:37,19:46,20:08,20:21,20:36,20:48,
GAGNAGE,05:48,06:23,06:07,06:41,06:35,06:59,07:14,07:29,07:42,07:56,08:07,08:20,08:37,08:48,08:58,09:09,09:21,09:35,09:47,10:00,10:10,10:26,10:37,10:50,11:02,11:16,11:27,11:38,11:52,12:07,12:21,12:32,12:40,12:47,12:58,13:10,13:21,13:32,13:48,13:59,14:12,14:23,14:36,14:48,15:01,15:13,15:25,15:37,15:50,16:03,16:14,16:27,16:39,16:54,17:08,17:21,17:35,17:43,17:52,18:04,18:19,18:31,18:40,18:48,19:02,19:18,19:38,19:47,20:09,20:22,20:37,20:49,
C CIAL LA CHAPELLE,05:49,06:24,06:08,06:42,06:36,07:00,07:15,07:30,07:43,07:57,08:08,08:21,08:38,08:49,08:59,09:10,09:22,09:36,09:48,10:01,10:11,10:27,10:38,10:51,11:03,11:17,11:28,11:39,11:53,12:08,12:22,12:33,12:41,12:48,12:59,13:11,13:22,13:33,13:49,14:00,14:13,14:24,14:37,14:49,15:02,15:14,15:26,15:38,15:51,16:04,16:15,16:28,16:40,16:55,17:09,17:22,17:36,17:44,17:53,18:05,18:20,18:32,18:41,18:49,19:03,19:19,19:39,19:48,20:10,20:23,20:38,20:50,
DARSONVAL,05:51,06:26,06:10,06:43,06:37,07:01,07:16,07:32,07:45,07:59,08:10,08:23,08:40,08:51,09:01,09:12,09:24,09:38,09:50,10:03,10:13,10:29,10:40,10:53,11:05,11:19,11:30,11:41,11:55,12:10,12:24,12:35,12:43,12:50,13:01,13:13,13:24,13:35,13:51,14:02,14:15,14:26,14:39,14:51,15:04,15:16,15:28,15:40,15:53,16:06,16:17,16:30,16:42,16:57,17:11,17:25,17:39,17:47,17:56,18:08,18:22,18:34,18:43,18:51,19:05,19:21,19:41,19:50,20:12,20:25,20:40,20:52,
RENOIR,05:51,06:26,06:10,06:44,06:38,07:02,07:17,07:33,07:46,08:00,08:11,08:24,08:41,08:52,09:02,09:13,09:25,09:39,09:51,10:04,10:14,10:30,10:41,10:54,11:06,11:20,11:31,11:42,11:56,12:11,12:25,12:36,12:44,12:51,13:02,13:14,13:25,13:36,13:52,14:03,14:16,14:27,14:40,14:52,15:05,15:17,15:29,15:41,15:54,16:07,16:18,16:31,16:43,16:58,17:12,17:26,17:40,17:48,17:57,18:09,18:23,18:35,18:44,18:52,19:06,19:22,19:42,19:51,20:13,20:26,20:41,20:53,
CHANTEREIGNE,05:52,06:27,06:11,06:45,06:39,07:03,07:18,07:34,07:47,08:01,08:12,08:25,08:42,08:53,09:03,09:14,09:26,09:40,09:52,10:05,10:15,10:31,10:42,10:55,11:07,11:21,11:32,11:43,11:57,12:12,12:26,12:37,12:45,12:52,13:03,13:15,13:26,13:37,13:53,14:04,14:17,14:28,14:41,14:53,15:06,15:18,15:30,15:42,15:55,16:08,16:19,16:32,16:44,16:59,17:13,17:27,17:41,17:49,17:58,18:10,18:24,18:36,18:45,18:53,19:07,19:23,19:43,19:52,20:14,20:27,20:42,20:54,
